latitude,longitude,CLUSTER
-3.80620125003,-38.6074159,-1
-3.75625630003,-38.58222,0
-3.77901624131,-38.5038625944,1
-3.75325854358,-38.5489434588,2
-3.75482415003,-38.5658739,3
-3.77901624131,-38.5038625944,1
-3.77901624131,-38.5038625944,1
-3.82803335003,-38.5613069,4
-3.75619445003,-38.5653383,3
-3.77901624131,-38.5038625944,1
-3.75534130003,-38.5775116,0
-3.78518835003,-38.496181,1
-3.87691810003,-38.6237379,-1
-3.79685240003,-38.6061408,-1
-3.76006430003,-38.5422955,5
-3.78006833336,-38.5411916667,15
-3.72615345003,-38.5838763,-1
-3.85204620003,-38.5739626,-1
-3.8172936685,-38.5895966202,6
-3.83671510003,-38.55642,4
-3.71841210003,-38.5714709,-1
-3.75325842667,-38.5489427412,2
-3.75484710003,-38.5658959,3
-3.76175641866,-38.5416275418,5
-3.77703440165,-38.5903668177,-1
-3.78549666669,-38.498995,1
-3.85688018719,-38.5859154892,-1
-3.85204620003,-38.5739626,-1
-3.7344403676,-38.496844662,7
-3.71551982928,-38.5936254568,8
-3.83837935003,-38.5596929,4
-3.75323910003,-38.5200839,-1
-3.75620630003,-38.5652433,3
-3.87394705003,-38.6181007,-1
-3.82757480449,-38.5908130902,-1
-3.79359340003,-38.5977178,-1
-3.74782725003,-38.5549723,-1
-3.77376135003,-38.578611,0
-3.77390315003,-38.5593619,10
-3.83836325003,-38.5597393,4
-3.78544833336,-38.498915,1
-3.77253130003,-38.5727166,0
-3.78792245003,-38.5059016,1
-3.8384116117,-38.5924657134,-1
-3.73357620003,-38.4962117,7
-3.78999615003,-38.4735222,9
-3.81230100003,-38.571393,18
-3.76006430003,-38.5422955,5
-3.75486740003,-38.5658816,3
-3.78065445003,-38.55921,10
-3.87402921575,-38.6181237288,-1
-3.81818221231,-38.5967588973,11
-3.79875435003,-38.4944164,12
-3.81781267288,-38.4964059614,-1
-3.74168382845,-38.5934583882,13
-3.79363315003,-38.5341616,-1
-3.75624130003,-38.56525,3
-3.74178630003,-38.5938049,13
-3.82806610003,-38.5612578,4
-3.80028419221,-38.4941728087,12
-3.80028419221,-38.4941728087,12
-3.76348970412,-38.5808348192,0
-3.78882630003,-38.4652166,-1
-3.79937935003,-38.4949879,12
-3.87400078198,-38.6181819187,-1
-3.75579915003,-38.588475,0
-3.72869978855,-38.5972511708,14
-3.80128830003,-38.5534136,-1
-3.00861630002,-38.0554933,-1
-3.78554333336,-38.4989166667,1
-3.75487520003,-38.5658866,3
-3.78999100003,-38.4735128,9
-3.74377520003,-38.5577211,-1
-3.83831640003,-38.5597265,4
-3.78181630003,-38.5477554,15
-3.75617315003,-38.56525,3
-3.76006430003,-38.5422955,5
-3.77392005003,-38.5629057,10
-3.71579415003,-38.5770368,-1
-3.78553333336,-38.4989366667,1
-3.7306522531,-38.5443868111,16
-3.82550396182,-38.4667141574,17
-3.79465325003,-38.4672267,-1
-3.76609530003,-38.4966059,-1
-3.75531815003,-38.5775,0
-3.71201191347,-38.4708630568,-1
-3.80089130003,-38.4948116,12
-3.77820705003,-38.581808,0
-3.74922630003,-38.5752933,-1
-3.73638130003,-38.5722233,-1
-3.79006910003,-38.4735931,9
-3.79852725003,-38.4951685,12
-3.87400330003,-38.6181619,-1
-3.79063666669,-38.5029816667,1
-3.82385596246,-38.5829356584,-1
-3.80700715404,-38.5775146745,18
-3.70137040003,-38.5787064,-1
-3.77967200003,-38.5411886,15
-3.81072205349,-38.5394856745,19
-3.83763715003,-38.5473317,-1
-3.80788615003,-38.6044628,-1
-3.73065298464,-38.5443861686,16
-3.82634005003,-38.5204087,20
-3.75614630003,-38.5652683,3
-3.75590140003,-38.5884348,0
-3.78522276013,-38.4961133858,1
-3.79001105003,-38.4734858,9
-3.80085025003,-38.5445931,-1
-3.75498956841,-38.5659338459,3
-3.77707804127,-38.5903347156,-1
-3.8070078483,-38.5775152989,18
-3.75615815003,-38.5652683,3
-3.78522723097,-38.4961410281,1
-3.72885022334,-38.5973551024,14
-3.78053074242,-38.559149239,10
-3.73635130003,-38.5721933,-1
-3.73065340083,-38.5443860134,16
-3.77555874845,-38.5731565533,0
-3.84058315003,-38.575275,-1
-3.75498120003,-38.5659485,3
-3.77405120003,-38.5802228,0
-3.79872976698,-38.4947190009,12
-3.81816887264,-38.5966755202,11
-3.75392683155,-38.5920754959,0
-3.75589515003,-38.5884017,0
-3.75392683155,-38.5920754959,0
-3.83581040003,-38.5749978,-1
-3.78181630003,-38.5477554,15
-3.78097920003,-38.4993021,1
-3.74312706461,-38.5165020378,-1
-3.79549405003,-38.4604562,-1
-3.74180410003,-38.4942821,7
-3.79874316021,-38.4945858708,12
-3.78055315003,-38.559195,10
-3.73065343901,-38.5443860894,16
-3.72871951974,-38.5972527041,14
-3.79874316021,-38.4945858708,12
-3.75774345003,-38.5604462,3
-3.75392683155,-38.5920754959,0
-3.82632503872,-38.5203626736,20
-3.76006430003,-38.5422955,5
-3.78097920003,-38.4993021,1
-3.74635705003,-38.5324474,25
-3.78523133312,-38.4961382211,1
-3.77876815003,-38.5492366,15
-3.75613211908,-38.5653241547,3
-3.83779065807,-38.4813768876,-1
-3.82542815003,-38.4665916,17
-3.78521230003,-38.4961323,1
-3.75755636201,-38.5816259803,0
-3.81792050003,-38.5395449,21
-3.73065424865,-38.5443856053,16
-3.8334232163,-38.569195753,22
-3.78997130003,-38.5669966,10
-3.80169894335,-38.4960741351,12
-3.83897135003,-38.5682757,-1
-3.83897135003,-38.5682757,-1
-3.75587879172,-38.5886494415,0
-3.75538630003,-38.5775516,0
-3.79878530003,-38.4945707,12
-3.74173825003,-38.4944599,7
-3.72864981182,-38.5972467234,14
-3.78556815003,-38.4989566,1
-3.76536100003,-38.5739631,0
-3.74137261885,-38.4968147613,7
-3.76341726584,-38.5809253488,0
-3.81792150003,-38.5395449,21
-3.75615630003,-38.5652666,3
-3.77154125003,-38.5705183,0
-3.71266615003,-38.5611208,-1
-3.80169992378,-38.4960475063,12
-3.73065200152,-38.5443845006,16
-3.78994405003,-38.4735159,9
-3.73633315003,-38.5722583,-1
-3.83340630003,-38.569175,22
-3.74997520003,-38.5290355,-1
-3.77881921389,-38.5492841227,15
-3.76199519888,-38.5797893335,0
-3.76006430003,-38.5422955,5
-3.76538215003,-38.5739593,0
-3.82816166669,-38.46629,17
-3.79857648888,-38.494309513,12
-3.74136256057,-38.496800554,7
-3.80157315003,-38.4962566,12
-3.79000436593,-38.473489927,9
-3.74999574999,-38.5290351599,-1
-3.76342272319,-38.5809248724,0
-3.74136256057,-38.496800554,7
-3.7417566234,-38.5937456949,13
-3.72558030003,-38.5900874,-1
-3.82059349674,-38.5578189213,23
-3.73065426903,-38.5443843072,16
-3.78705105003,-38.4931595,1
-3.82059349674,-38.5578189213,23
-3.81792050003,-38.5395449,21
-3.76342363343,-38.5809221988,0
-3.78350526315,-38.4962839309,1
-3.75500435003,-38.5660537,3
-3.83234925003,-38.597676,-1
-3.75568135003,-38.5386847,30
-3.80378510003,-38.5632298,-1
-3.71752315003,-38.5517599,-1
-3.75619328837,-38.5653174668,3
-3.75698130003,-38.56078,3
-3.83342815003,-38.5692433,22
-3.78995435003,-38.4734709,9
-3.77886315003,-38.5492866,15
-3.73063465073,-38.5443647303,16
-3.75494995149,-38.5659793597,3
-3.7851006677,-38.4961640434,1
-3.79857805003,-38.4944131,12
-3.75601040271,-38.5885354406,0
-3.82041645003,-38.5574986,23
-3.73643120003,-38.5623152,-1
-3.78376330003,-38.5639345,10
-3.80702141494,-38.5774951331,18
-3.81792050003,-38.5395449,21
-3.79367815003,-38.49062,12
-3.76343031844,-38.5809243281,0
-3.75491935003,-38.5659516,3
-3.79789120003,-38.5862653,24
-3.74107074083,-38.5359592046,25
-3.81574735003,-38.4790175,-1
-3.74107074083,-38.5359592046,25
-3.74107074083,-38.5359592046,25
-3.74107074083,-38.5359592046,25
-3.79873135003,-38.4946313,12
-3.75392145003,-38.5971114,0
-3.75579338883,-38.5883998609,0
-3.78491815003,-38.4925416,1
-3.80702127749,-38.5774961288,18
-3.78797835003,-38.5058439,1
-3.78023074242,-38.563392539,10
-3.73742435003,-38.577408,-1
-3.76632810003,-38.5439367,28
-3.81792062949,-38.5395447202,21
-3.73064297858,-38.544367232,16
-3.83465083336,-38.463475,17
-3.7851715487,-38.4961339263,1
-3.82089910003,-38.5577974,23
-3.81792065003,-38.5395449,21
-3.77879995361,-38.5492978655,15
-3.75922130003,-38.60037,26
-3.75491210003,-38.5659361,3
-3.79870645003,-38.4945954,12
-3.80702175503,-38.5775017001,18
-3.79376243613,-38.4905874238,12
-3.79789120003,-38.5862653,24
-3.81745722536,-38.5962856714,11
-3.75723040003,-38.5595438,3
-3.78994540003,-38.4735204,9
-3.81372407976,-38.5956587854,11
-3.75922130003,-38.60037,26
-3.82775922935,-38.5551942543,-1
-3.76006430003,-38.5422955,5
-3.80702101995,-38.5775029094,18
-3.82543766336,-38.4666743621,17
-3.78977210003,-38.4736281,9
-3.75594520003,-38.5884539,0
-3.75492445003,-38.5659064,3
-3.79789120003,-38.5862653,24
-3.73064476113,-38.5443670408,16
-3.75324458711,-38.5489548173,2
-3.75284815003,-38.5819866,0
-3.78785392859,-38.5059411437,1
-3.75543665003,-38.5627866,3
-3.75324640539,-38.5489533252,2
-3.78996025003,-38.4735142,9
-3.76171693192,-38.5442717406,5
-3.80701899326,-38.5775031801,18
-3.74542810003,-38.5436014,27
-3.79397751471,-38.490644901,12
-3.76519620003,-38.548072,28
-3.7654765972,-38.5770095345,0
-3.82547756447,-38.4667156047,17
-3.76519620003,-38.548072,28
-3.75490305003,-38.5659141,3
-3.85701582546,-38.5859260453,-1
-3.76519620003,-38.548072,28
-3.76188645003,-38.5803606,0
-3.75489940003,-38.5659007,3
-3.78993050003,-38.4734732,9
-3.77167125003,-38.5777361,0
-3.78789392021,-38.5059307759,1
-3.78517935003,-38.4961117,1
-3.75468540003,-38.553862,3
-3.73065751036,-38.5443700386,16
-3.74543530003,-38.5435657,27
-3.79396484021,-38.4906007062,12
-3.79869740454,-38.4945184604,12
-3.74873217131,-38.6013974903,-1
-3.75620130003,-38.5652716,3
-3.73066646513,-38.54436681,16
-3.74167952376,-38.5934724161,13
-3.75324806277,-38.5489517912,2
-3.75466922389,-38.5858653236,0
-3.72615345003,-38.5838763,-1
-3.79953235003,-38.4942301,12
-3.74556725003,-38.5433337,27
-3.71494451677,-38.4657153643,-1
-3.77154125003,-38.5705183,0
-3.71757828913,-38.5953527618,8
-3.78996284564,-38.4734845821,9
-3.83917645003,-38.5630453,4
-3.81072366266,-38.5394903266,19
-3.75488540003,-38.5659197,3
-3.81369749213,-38.5956815615,11
-3.81072337258,-38.5394911414,19
-3.74557135003,-38.5433227,27
-3.7416797696,-38.5934713972,13
-3.79396630003,-38.49069,12
-3.72970130003,-38.5375666,-1
-3.78993740003,-38.4734983,9
-3.77877362513,-38.5489403438,15
-3.763490569,-38.5808722995,0
-3.73066757217,-38.5443665311,16
-3.75324774319,-38.54895222,2
-3.78222505003,-38.5051598,1
-3.78791625003,-38.5059034,1
-3.7528200471,-38.5792145427,0
-3.75576053212,-38.588529247,0
-3.7528200471,-38.5792145427,0
-3.75486730003,-38.5658944,3
-3.73058627223,-38.5133028621,-1
-3.79402130003,-38.490575,12
-3.71010925003,-38.5873154,-1
-3.73066997777,-38.5443675574,16
-3.81371128877,-38.5956915796,11
-3.78994015003,-38.4734976,9
-3.72868157971,-38.5972264749,14
-3.74506640003,-38.4707517,-1
-3.78172825003,-38.4982165,1
-3.75624673573,-38.5652311702,3
-3.75324779272,-38.5489526124,2
-3.73539605003,-38.5322284,-1
-3.81072404953,-38.5394914209,19
-3.76349307626,-38.5808709499,0
-3.79963002556,-38.4942158918,12
-3.77256110003,-38.5686311,0
-3.79961745394,-38.4941962998,12
-3.82804130003,-38.5613486,4
-3.74390050003,-38.5093817,-1
-3.75585040003,-38.5884833,0
-3.82122501214,-38.5640127259,-1
-3.73797415003,-38.5908359,13
-3.81371183089,-38.595692249,11
-3.78990716552,-38.4735576299,9
-3.75613630003,-38.565275,3
-3.78172825003,-38.4982165,1
-3.80168445003,-38.4831266,12
-3.77236130003,-38.4852237,-1
-3.77839190799,-38.5781112268,0
-3.82122501214,-38.5640127259,-1
-3.80168445003,-38.4831266,12
-3.75494100003,-38.5659497,3
-3.72977217131,-38.5376241903,-1
-3.78690325003,-38.4879263,1
-3.76348070078,-38.5808628477,0
-3.75580410003,-38.5386064,30
-3.81371159034,-38.5956933918,11
-3.77366415003,-38.5800253,0
-3.83103240003,-38.5592983,4
-3.79961532891,-38.4941985622,12
-3.79893248303,-38.4739635741,-1
-3.75495425003,-38.5659384,3
-3.78991005003,-38.4735528,9
-3.75612315003,-38.5653049,3
-3.78524045003,-38.4962252,1
-3.76344812404,-38.5809171854,0
-3.75491535003,-38.5659729,3
-3.76344828686,-38.5809168389,0
-3.76344828686,-38.5809168389,0
-3.81808130003,-38.539375,21
-3.80721863832,-38.5777050093,18
-3.78518250038,-38.4961575443,1
-3.78792935003,-38.5058681,1
-3.80091217131,-38.4948174097,12
-3.78690325003,-38.4879263,1
-3.73721615003,-38.4951103,7
-3.75911315003,-38.6002166,26
-3.81371439776,-38.5956937652,11
-3.79956658373,-38.4942438483,12
-3.73142005003,-38.5461981,16
-3.83367560129,-38.5581686097,4
-3.81808130003,-38.539375,21
-3.78550630003,-38.498965,1
-3.81677717153,-38.6056128118,-1
-3.75924315003,-38.6001583,26
-3.78516532408,-38.4961655386,1
-3.78990150003,-38.4734286,9
-3.83367492396,-38.5581714696,4
-3.80084322505,-38.494879998,12
-3.72193325003,-38.5973157,8
-3.76345405158,-38.5809122863,0
-3.77467830003,-38.5639559,10
-3.79956115003,-38.4942447,12
-3.75496440003,-38.5659612,3
-3.74680825003,-38.5847735,0
-3.73465825003,-38.496668,7
-3.78690325003,-38.4879263,1
-3.76345385846,-38.5809123402,0
-3.87130809732,-38.4664034603,-1
-3.72881838008,-38.5972978709,14
-3.80084907802,-38.4949167054,12
-3.75619223669,-38.5652539379,3
-3.73406415003,-38.4960471,7
-3.76700157008,-38.5894574321,0
-3.79953705003,-38.4942317,12
-3.78690325003,-38.4879263,1
-3.75616415003,-38.5302696,-1
-3.83367398415,-38.5581718797,4
-3.77880815003,-38.5493533,15
-3.77880815003,-38.5493533,15
-3.77798525003,-38.5783922,0
-3.70848045003,-38.5696527,-1
-3.77880815003,-38.5493533,15
-3.85688726021,-38.5859130744,-1
-3.75613315003,-38.5652583,3
-3.75581540003,-38.588481,0
-3.75617030003,-38.5302574,-1
-3.75493945003,-38.5659369,3
-3.82654410003,-38.5204431,20
-3.83367779738,-38.5581754215,4
-3.79313845003,-38.5912189,-1
-3.73441445003,-38.4968879,7
-3.78516959578,-38.4961660994,1
-3.77798525003,-38.5783922,0
-3.81380106399,-38.5957111967,11
-3.75341830003,-38.5486548,2
-3.79952525003,-38.4942599,12
-3.76006430003,-38.5422955,5
-3.75494420003,-38.5659456,3
-3.78552630003,-38.49894,1
-3.75920743613,-38.6001891238,26
-3.75613235003,-38.5302064,-1
-3.85843365183,-38.4579419492,-1
-3.75341830003,-38.5486548,2
-3.82654963732,-38.5203861217,20
-3.74901888429,-38.5386885703,-1
-3.75495225003,-38.5659412,3
-3.79001320003,-38.4733864,9
-3.85843154,-38.457941366,-1
-3.72810100003,-38.4900038,-1
-3.80171144602,-38.4960297781,12
-3.76686105003,-38.5865473,0
-3.83430769006,-38.5606221758,4
-3.76306215003,-38.5893548,0
-3.79978990236,-38.4940051822,12
-3.78552815003,-38.4989516,1
-3.80823140003,-38.4396104,-1
-3.73449745003,-38.4970694,7
-3.73563315003,-38.5840133,-1
-3.76006430003,-38.5422955,5
-3.80305304764,-38.5908446709,29
-3.83367659959,-38.5581973751,4
-3.76576725003,-38.5933278,0
-3.74600515003,-38.5474003,27
-3.77877264557,-38.5489407823,15
-3.72965840003,-38.4920552,-1
-3.79962030003,-38.4940503,12
-3.78515105003,-38.4962505,1
-3.78015815003,-38.5633166,10
-3.79443240003,-38.5926019,-1
-3.78518220364,-38.4961539194,1
-3.71897145003,-38.5786633,-1
-3.77877465431,-38.5489451455,15
-3.75378515003,-38.5545021,3
-3.80737342402,-38.5803643634,18
-3.73562701347,-38.5840449305,-1
-3.76303533257,-38.5893058393,0
-3.76341107455,-38.5809344608,0
-3.7313479895,-38.5298067659,-1
-3.79005105003,-38.4735531,9
-3.76639410003,-38.4890987,-1
-3.87182220003,-38.4973109,-1
-3.79902640003,-38.494308,12
-3.76181815003,-38.5416466,5
-3.83367035558,-38.5581959906,4
-3.77877546933,-38.5489454859,15
-3.78521191566,-38.4961039831,1
-3.82639220003,-38.5202336,20
-3.87000335003,-38.4979678,-1
-3.75328013861,-38.5489616772,2
-3.79902640003,-38.494308,12
-3.76303490822,-38.5893060449,0
-3.77236320003,-38.4818712,-1
-3.7288322964,-38.5973258564,14
-3.79002035269,-38.473517641,9
-3.82555630003,-38.4667449,17
-3.74166505003,-38.4945783,7
-3.79855050003,-38.4946227,12
-3.8172945976,-38.5895655038,6
-3.78521416552,-38.4961191701,1
-3.77877480606,-38.5489450153,15
-3.75615630003,-38.5653,3
-3.82637211786,-38.5202827242,20
-3.82552130003,-38.4667316,17
-3.77877508292,-38.5489455914,15
-3.76006430003,-38.5422955,5
-3.78995915003,-38.4734897,9
-3.76954120003,-38.4969824,-1
-3.77443925003,-38.5641861,10
-3.79564243613,-38.4898424238,12
-3.78516910003,-38.4960524,1
-3.79856699741,-38.494631186,12
-3.81729584992,-38.589566042,6
-3.75278471207,-38.5791915139,0
-3.75620315003,-38.565285,3
-3.74169015003,-38.4946204,7
-3.78994806256,-38.4734905625,9
-3.75921630003,-38.6001866,26
-3.76827110003,-38.550501,28
-3.81369111097,-38.59558989,11
-3.82637930003,-38.5202869,20
-3.81078640003,-38.5394799,19
-3.77877467226,-38.5489446753,15
-3.79854190246,-38.5895487171,24
-3.80244821692,-38.4848691029,12
-3.73959735003,-38.59558,13
-3.74174720003,-38.4945581,7
-3.78605935003,-38.5680261,10
-3.75615576185,-38.5652808589,3
-3.78996620003,-38.4734648,9
-3.78519031603,-38.4960709744,1
-3.78556445003,-38.4986616,1
-3.71310735003,-38.5956781,8
-3.7866614031,-38.5019665762,1
-3.75945710003,-38.5685496,-1
-3.7866614031,-38.5019665762,1
-3.80702389779,-38.5775422511,18
-3.82794446606,-38.5613186257,4
-3.74172745003,-38.494542,7
-3.76179641866,-38.5415425418,5
-3.80702317225,-38.5775424679,18
-3.72397130003,-38.5373333,-1
-3.76904210003,-38.5705127,0
-3.78518526581,-38.4960701719,1
-3.81078065249,-38.539554726,19
-3.78996330003,-38.4734627,9
-3.78582915003,-38.5683228,10
-3.78180630003,-38.5441934,15
-3.76184800003,-38.54161,5
-3.78519811494,-38.4961008678,1
-3.73041315003,-38.5377116,-1
-3.82625903315,-38.520306463,20
-3.80702260979,-38.5775423327,18
-3.82537243614,-38.4667324762,17
-3.78855130003,-38.4705533,9
-3.79847740003,-38.4946631,12
-3.78996525003,-38.4735101,9
-3.71839025003,-38.5713992,-1
-3.76961815003,-38.57032,0
-3.78664619935,-38.5019698953,1
-3.75587910003,-38.5884971,0
-3.76910930003,-38.5173944,-1
-3.75325854598,-38.5489266151,2
-3.81078917767,-38.5395675662,19
-3.78556315003,-38.4989349,1
-3.78997125003,-38.473587,9
-3.76512505003,-38.5718307,0
-3.74166965988,-38.5934544659,13
-3.8173315531,-38.589588647,6
-3.80702192988,-38.5775428454,18
-3.78520035003,-38.4961028,1
-3.78829630003,-38.4723966,9
-3.72875668346,-38.5971202454,14
-3.78996220237,-38.4735700433,9
-3.80702039795,-38.5775433679,18
-3.75587615003,-38.588494,0
-3.81733219626,-38.5895888896,6
-3.77804105003,-38.5620047,10
-3.78828815003,-38.4724466,9
-3.72987045003,-38.5216607,-1
-3.77877184109,-38.5489404496,15
-3.75326025631,-38.5489336452,2
-3.82080920003,-38.5573517,23
-3.82536322504,-38.466766698,17
-3.77989130003,-38.56328,10
-3.7416866128,-38.5934527174,13
-3.79574815003,-38.4934464,12
-3.83089125003,-38.5605732,4
-3.78819821692,-38.4724941029,9
-3.72236125003,-38.536184,-1
-3.75325969302,-38.548933939,2
-3.78997915003,-38.4735097,9
-3.75586255079,-38.588532335,0
-3.82125202834,-38.5640181807,-1
-3.78083743167,-38.5019688967,1
-3.74169255519,-38.5934553751,13
-3.77681815003,-38.5648149,10
-3.83845835003,-38.5803704,-1
-3.71174725003,-38.5783343,-1
-3.79578630003,-38.4936583,12
-3.78998020003,-38.4734788,9
-3.84941086752,-38.5049495904,-1
-3.73362576186,-38.5964158589,-1
-3.76171574241,-38.541665839,5
-3.78517410003,-38.4961306,1
-3.81820310003,-38.5967901,11
-3.79874405003,-38.4947068,12
-3.73503058179,-38.5443942469,16
-3.75587050003,-38.5884707,0
-3.75325778112,-38.5489325775,2
-3.78583625003,-38.5678097,10
-3.79001905003,-38.473471,9
-3.84941191672,-38.5049492127,-1
-3.78883090442,-38.4974791748,1
-3.76290805003,-38.5119021,-1
-3.73444149696,-38.4968893597,7
-3.83434300003,-38.56065,4
-3.73483510003,-38.5220495,-1
-3.76989110003,-38.5583774,-1
-3.80457071909,-38.5915725929,29
-3.78961076185,-38.4952607412,1
-3.78509125003,-38.4961689,1
-3.79001935003,-38.4734744,9
-3.78584815003,-38.5677866,10
-3.80310520598,-38.5367781291,-1
-3.74167870345,-38.5934629627,13
-3.79874645003,-38.494702,12
-3.76339693697,-38.5809517158,0
-3.71237815003,-38.465105,-1
-3.74176684087,-38.5936508424,13
-3.73445615003,-38.496848,7
-3.75124915003,-38.4909761,-1
-3.75324508374,-38.5489261466,2
-3.80717176189,-38.5777191893,18
-3.75282139567,-38.5792103998,0
-3.79001105722,-38.473461782,9
-3.78517220262,-38.4961491218,1
-3.79991815003,-38.4945866,12
-3.71721910003,-38.5958669,8
-3.77772935003,-38.5160534,-1
-3.76766717131,-38.5724891097,0
-3.82137410003,-38.5581199,23
-3.81818845003,-38.5967051,11
-3.78520282091,-38.4961483264,1
-3.73703055032,-38.5969314401,13
-3.73447445003,-38.4968375,7
-3.79871230003,-38.494506,12
-3.79577815003,-38.49362,12
-3.78998880003,-38.4734366,9
-3.78559901325,-38.4986741274,1
-3.80714722659,-38.5777253645,18
-3.73446825003,-38.4968586,7
-3.78505055011,-38.4959924594,1
-3.72881444116,-38.5973341975,14
-3.75324662214,-38.5489269014,2
-3.75588605003,-38.5885113,0
-3.79585400003,-38.4936766,12
-3.78993840003,-38.4734791,9
-3.79863840003,-38.4946071,12
-3.81817035003,-38.5967412,11
-3.75308130003,-38.591365,0
-3.80701282603,-38.5775200287,18
-3.75531630003,-38.5775366,0
-3.79958415003,-38.4941414,12
-3.82808435003,-38.5612367,4
-3.78995520003,-38.4735116,9
-3.77431305003,-38.5566483,-1
-3.75324728776,-38.5489266117,2
-3.78519540003,-38.4960822,1
-3.78792905003,-38.5058942,1
-3.74453321692,-38.5340941971,25
-3.80701181956,-38.5775201674,18
-3.81377738418,-38.5958015092,11
-3.75324867297,-38.5489259021,2
-3.73442878789,-38.496894225,7
-3.75926141866,-38.6004475418,26
-3.78995205433,-38.4734641064,9
-3.81078640003,-38.5394801,19
-3.70618041481,-38.5911604142,-1
-3.74446518367,-38.5340339904,25
-3.78555815003,-38.498965,1
-3.81960534265,-38.4962274009,-1
-3.7996310416,-38.4941902953,12
-3.840601555,-38.5622240399,4
-3.81126725003,-38.5558998,-1
-3.77154125003,-38.5705183,0
-3.785161416,-38.4960900263,1
-3.76495645003,-38.5701902,0
-3.82065220003,-38.5578406,23
-3.71776976906,-38.5956773171,8
-3.75325000689,-38.5489258521,2
-3.82939815003,-38.4633599,17
-3.78788525003,-38.5058999,1
-3.79959540003,-38.4942076,12
-3.74444630003,-38.5340483,25
-3.75592435003,-38.5883937,0
-3.73037240639,-38.5377158245,-1
-3.76050315003,-38.5786944,0
-3.76301345003,-38.5761606,0
-3.7899633516,-38.4734560282,9
-3.87587957586,-38.5928056455,-1
-3.82936815003,-38.4633899,17
-3.75325194143,-38.5489260024,2
-3.78791205003,-38.5059219,1
-3.71574205003,-38.5833005,-1
-3.72885602236,-38.5973559074,14
-3.73342310003,-38.4963401,7
-3.78998594071,-38.4734844271,9
-3.78519711494,-38.4961268323,1
-3.73093730003,-38.4965211,7
-3.78552130003,-38.498925,1
-3.73825110003,-38.5915746,13
-3.78515176732,-38.4961230731,1
-3.83665201736,-38.5541710815,4
-3.78993826581,-38.4734312719,9
-3.81818654641,-38.5967472578,11
-3.80566630003,-38.4966733,12
-3.75325221811,-38.5489277296,2
-3.80571243613,-38.4966907762,12
-3.78994825573,-38.4734315945,9
-3.81744227267,-38.5962848276,11
-3.76200320003,-38.5345931,30
-3.78514724402,-38.4961090435,1
-3.70183620003,-38.5785378,-1
-3.80575315003,-38.4967333,12
-3.78996137626,-38.4734612674,9
-3.73457735003,-38.4967755,7
-3.76303482107,-38.5893057212,0
-3.77906445003,-38.5831112,0
-3.77906445003,-38.5831112,0
-3.78549815003,-38.4988183,1
-3.75470030003,-38.5476882,2
-3.76603815003,-38.4964808,-1
-3.75492745003,-38.5659863,3
-3.78998540003,-38.4735144,9
-3.75330040003,-38.5489121,2
-3.74210630003,-38.5137733,-1
-3.76191640003,-38.5857436,0
-3.78548130003,-38.4988483,1
-3.81123830003,-38.5558388,-1
-3.76904210003,-38.5705127,0
-3.78808536783,-38.5059622869,1
-3.74184556258,-38.5936774918,13
-3.80028240003,-38.4941126,12
-3.7784060013,-38.5781459632,0
-3.78557960791,-38.4988525826,1
-3.80694062149,-38.588518461,29
-3.75493015003,-38.5659669,3
-3.83183340003,-38.4637988,17
-3.83183340003,-38.4637988,17
-3.79583130003,-38.4935716,12
-3.79001784568,-38.4734426698,9
-3.80692690961,-38.5885066813,29
-3.75491630003,-38.5659177,3
-3.76904210003,-38.5705127,0
-3.80039805003,-38.493879,12
-3.72891038584,-38.5972517704,14
-3.78995015003,-38.4734571,9
-3.78559815003,-38.49884,1
-3.73456415003,-38.4969182,7
-3.79591743613,-38.4936024762,12
-3.83356628081,-38.5581991835,4
-3.75596225003,-38.588291,0
-3.78515925003,-38.4962175,1
-3.78603105003,-38.5680935,10
-3.80007630003,-38.4940506,12
-3.79002410003,-38.4734432,9
-3.79592130003,-38.4936099,12
-3.75649137678,-38.5823092855,0
-3.82149010003,-38.5581594,23
-3.75326838447,-38.5489450135,2
-3.78595955003,-38.568082,10
-3.79601327644,-38.4936304396,12
-3.75584435003,-38.5884702,0
-3.77379425003,-38.5800988,0
-3.79000611537,-38.473432695,9
-3.79856232182,-38.5895336957,24
-3.73154934695,-38.5454362639,16
-3.81078640003,-38.53948,19
-3.83427565915,-38.5606720595,4
-3.78593530003,-38.5680712,10
-3.78521240003,-38.4962338,1
-3.78999185021,-38.4734555029,9
-3.78593530003,-38.5680712,10
-3.80718905003,-38.5896706,29
-3.80038000878,-38.4940263942,12
-3.78548130003,-38.4988966,1
-3.75326830603,-38.5489439769,2
-3.79603641866,-38.4936592418,12
-3.78991120003,-38.4734263,9
-3.78569310003,-38.4888192,1
-3.83920340003,-38.5631036,4
-3.81078640003,-38.53948,19
-3.79593716325,-38.4936408392,12
-3.720874989,-38.5275923634,-1
-3.78857430003,-38.4609435,-1
-3.80496301652,-38.5841782161,18
-3.79122940003,-38.5078749,1
-3.77190833336,-38.4985483333,-1
-3.78988845003,-38.4733718,9
-3.79586530003,-38.4936533,12
-3.76870305003,-38.5791319,0
-3.80677225003,-38.5818794,18
-3.73776510003,-38.5382384,25
-3.75326871802,-38.5489439197,2
-3.80835025003,-38.5736459,18
-3.7985823311,-38.5895322556,24
-3.81819673794,-38.59673091,11
-3.76303498598,-38.589306079,0
-3.76870235003,-38.5791356,0
-3.79588401325,-38.4936624274,12
-3.78423615003,-38.5013255,1
-3.72172145003,-38.585962,-1
-3.78423615003,-38.5013255,1
-3.78996049098,-38.4734390949,9
-3.79798166669,-38.4964412501,12
-3.75326810883,-38.5489454077,2
-3.78498610003,-38.4954757,1
-3.79693215003,-38.4644461,-1
-3.80834705003,-38.5736682,18
-3.81097815003,-38.510435,-1
-3.78995930003,-38.4734268,9
-3.74178105003,-38.5910169,13
-3.82805420003,-38.5613125,4
-3.76869520003,-38.57913,0
-3.79393425003,-38.4802919,9
-3.79590315003,-38.49359,12
-3.78544833336,-38.4989033333,1
-3.75589259967,-38.5884927585,0
-3.81062905003,-38.6330835,-1
-3.82124311481,-38.5640023606,-1
-3.75936530002,-38.5293219507,-1
-3.80042035003,-38.4950122,12
-3.78521310003,-38.4962858,1
-3.78589530003,-38.5678122,10
-3.78998605003,-38.4734438,9
-3.79593815003,-38.49368,12
-3.78592230003,-38.5677993,10
-3.82806548309,-38.5613069061,4
-3.75589645003,-38.5885025,0
-3.71768245003,-38.5718156,-1
-3.80696487809,-38.4946096441,12
-3.79594630003,-38.4937133,12
-3.79594315003,-38.4936633,12
-3.83340641631,-38.5692107089,22
-3.81386541322,-38.5957849394,11
-3.78998292469,-38.4734322828,9
-3.73421715003,-38.4968116,7
-3.7553182163,-38.577570753,0
-3.74947150388,-38.5838782507,0
-3.73456045003,-38.4969526,7
-3.79592205718,-38.4937606286,12
-3.75317445003,-38.5166592,-1
-3.78997805003,-38.4734165,9
-3.817621737,-38.5961485141,11
-3.72880667744,-38.5970900019,14
-3.75531575003,-38.5774916,0
-3.79597130003,-38.4912216,12
-3.79597130003,-38.4912216,12
-3.78587805003,-38.5683162,10
-3.79523880289,-38.4960322468,12
-3.83342130003,-38.5692116,22
-3.77393631503,-38.5875764623,-1
-3.73101430003,-38.5097134,-1
-3.76251315003,-38.5918999,0
-3.73385150003,-38.496824,7
-3.79865798092,-38.4945546174,12
-3.78521540003,-38.4961634,1
-3.78994805003,-38.4734369,9
-3.73443420003,-38.4968761,7
-3.78590110003,-38.5682687,10
-3.79369576068,-38.4906082927,12
-3.80741263486,-38.5803773097,18
-3.73447830003,-38.4968371,7
-3.80141815003,-38.490545,12
-3.76303536064,-38.5893061909,0
-3.82062105003,-38.5577492,23
-3.75338206262,-38.5487439222,2
-3.76191640003,-38.5857436,0
-3.76147410003,-38.5652269,-1
-3.78188330003,-38.5891898,-1
-3.78993320003,-38.4735009,9
-3.74894335003,-38.5153509,-1
-3.77279425003,-38.5159583,-1
-3.83005130003,-38.466665,17
-3.75338289445,-38.5487409306,2
-3.78994425003,-38.473487,9
-3.79876540003,-38.4944995,12
-3.79591630003,-38.4936999,12
-3.7327154209,-38.4568615849,-1
-3.78589540003,-38.5678961,10
-3.74894610003,-38.5833863,0
-3.79588315003,-38.4989799,12
-3.74940830003,-38.5847554,0
-3.78995126581,-38.4734694282,9
-3.80740318745,-38.5803740726,18
-3.75587845003,-38.5884188,0
-3.79582075003,-38.4937333,12
-3.78524396589,-38.4961483214,1
-3.80021851028,-38.4941434266,12
-3.78596315003,-38.5679847,10
-3.78596315003,-38.5679847,10
-3.79468740003,-38.5679282,-1
-3.75516528623,-38.5563721524,3
-3.73444538247,-38.4968986486,7
-3.79006110003,-38.4735184,9
-3.8181414874,-38.596786707,11
-3.78585605003,-38.568373,10
-3.73440015003,-38.4968616,7
-3.80858110003,-38.572386,18
-3.78993205003,-38.4735079,9
-3.81371861788,-38.595597057,11
-3.73207025003,-38.4905575,-1
-3.75589345003,-38.5884488,0
-3.83339905897,-38.5692049318,22
-3.75325723998,-38.5489765968,2
-3.76344549627,-38.5809054271,0
-3.79857532734,-38.4948773947,12
-3.78518784311,-38.4961721286,1
-3.78993930003,-38.4734974,9
-3.73072155234,-38.5906739826,-1
-3.75324416661,-38.5489847157,2
-3.75741740003,-38.5833129,0
-3.73449945003,-38.4968819,7
-3.78584125003,-38.5681373,10
-3.81372003057,-38.5955970784,11
-3.76344549627,-38.5809054271,0
-3.81643420003,-38.5569132,23
-3.75536315003,-38.5774933,0
-3.80698528002,-38.5775425786,18
-3.75591120003,-38.5884974,0
-3.73451005003,-38.4968323,7
-3.7553332163,-38.577570753,0
-3.78787205003,-38.5059282,1
-3.78994810965,-38.4734997556,9
-3.79382315003,-38.5005233,1
-3.78587005003,-38.5679203,10
-3.83712845003,-38.5589998,4
-3.75324555928,-38.5489833746,2
-3.72968295507,-38.5847152167,-1
-3.76539410003,-38.5739665,0
-3.83154168672,-38.560812376,4
-3.80571108143,-38.6330620777,-1
-3.75324758466,-38.5489802339,2
-3.79731810003,-38.5005955,12
-3.79576130003,-38.4936383,12
-3.79902499174,-38.4943803902,12
-3.78588945003,-38.5678627,10
-3.78995086552,-38.4734959276,9
-3.70858156293,-38.5680954644,-1
-3.73452020003,-38.4968133,7
-3.75777830003,-38.5855013,0
-3.72883376309,-38.5973153593,14
-3.77379425003,-38.5800988,0
-3.83706830003,-38.5589877,4
-3.75926020003,-38.537362,30
-3.7495702856,-38.5839694423,0
-3.78521404694,-38.4960744844,1
-3.73443715003,-38.4969493,7
-3.75481925003,-38.5659191,3
-3.75584715003,-38.5884386,0
-3.81542376666,-38.5801472537,31
-3.83332313829,-38.5692147433,22
-3.75926020003,-38.537362,30
-3.77379425003,-38.5800988,0
-3.81542301315,-38.5801469363,31
-3.7417622117,-38.5936836331,13
-3.79907415003,-38.4944443,12
-3.79907415003,-38.4944443,12
-3.83710136593,-38.5589943731,4
-3.73456120003,-38.4966497,7
-3.80206325003,-38.4859444,12
-3.79901520003,-38.4940677,12
-3.79901520003,-38.4940677,12
-3.79548815003,-38.4951783,12
-3.81368697283,-38.5955929364,11
-3.75856715003,-38.5795107,0
-3.77271720003,-38.5851807,-1
-3.73452820003,-38.4967075,7
-3.78484030003,-38.5054312,1
-3.79901520003,-38.4940677,12
-3.79901520003,-38.4940677,12
-3.75488535003,-38.5660057,3
-3.73449898047,-38.4969130801,7
-3.80174535238,-38.4960557191,12
-3.78519035003,-38.4962024,1
-3.80010125003,-38.4894115,12
-3.83429815003,-38.5606516,4
-3.81368704842,-38.5955930646,11
-3.79902820003,-38.4944376,12
-3.73325726854,-38.4962834535,7
-3.70869522719,-38.5638525746,-1
-3.81544909651,-38.5801642501,31
-3.75488125003,-38.5659102,3
-3.79902820003,-38.4944376,12
-3.7534425884,-38.5487540608,2
-3.75502130003,-38.578035,0
-3.80749243613,-38.5026974762,-1
-3.76294315003,-38.5894468,0
-3.75494100003,-38.5659281,3
-3.83430170228,-38.5607026036,4
-3.78521005003,-38.4962239,1
-3.76054751619,-38.590146839,0
-3.7061602068,-38.5910660958,-1
-3.82132545003,-38.5580338,23
-3.75299530003,-38.5570765,3
-3.78521962894,-38.4961921463,1
-3.80707315003,-38.503825,-1
-3.77986110003,-38.6203892,-1
-3.73473230003,-38.5031044,-1
-3.75608235003,-38.5883334,0
-3.80304727984,-38.5907937681,29
-3.78550905003,-38.5679506,10
-3.80173321692,-38.4960641971,12
-3.8154502025,-38.5801616839,31
-3.78521416552,-38.4961237299,1
-3.74177801887,-38.5937174192,13
-3.79963338229,-38.4942241657,12
-3.81545045624,-38.5801616177,31
-3.78558025003,-38.5679989,10
-3.79939920003,-38.4938913,12
-3.80170815003,-38.4961033,12
-3.80304736808,-38.5907906978,29
-3.76280215003,-38.5858479,0
-3.82806235003,-38.5612216,4
-3.79487945003,-38.5500722,-1
-3.78788720003,-38.5059455,1
-3.75589820003,-38.5884036,0
-3.79937930003,-38.4939823,12
-3.78570405003,-38.5680922,10
-3.82089100003,-38.5577507,23
-3.82076545003,-38.5573718,23
-3.78571445003,-38.5681832,10
-3.80992200003,-38.4659436,-1
-3.78799946606,-38.5060713257,1
-3.80304811167,-38.5907920302,29
-3.81078705003,-38.5394801,19
-3.79073773894,-38.5512663204,-1
-3.75592630003,-38.5883188,0
-3.73327430003,-38.4962261,7
-3.75854745003,-38.580334,0
-3.80304587057,-38.5907906036,29
-3.73327735003,-38.4962263,7
-3.80715731988,-38.5777377488,18
-3.8207043546,-38.557335684,23
-3.75526630003,-38.5774516,0
-3.76342880522,-38.5809255059,0
-3.80174130003,-38.4960733,12
-3.78787820003,-38.5059528,1
-3.77363797061,-38.5720968997,0
-3.80304459893,-38.5907905356,29
-3.83144525003,-38.5526041,-1
-3.78562620003,-38.5697773,10
-3.80715638588,-38.5777369156,18
-3.80304455469,-38.590791068,29
-3.76280215003,-38.5858479,0
-3.82419209767,-38.5952654655,-1
-3.80306991361,-38.5907593064,29
-3.83390948215,-38.5579551098,4
-3.73441905003,-38.4965598,7
-3.74218327124,-38.5524640409,-1
-3.76047425003,-38.5703367,0
-3.79367630003,-38.4906316,12
-3.75536075003,-38.57758,0
-3.83802045003,-38.559233,4
-3.80702528101,-38.5774872444,18
-3.73340030003,-38.4962961,7
-3.75490815003,-38.5659137,3
-3.75593940003,-38.5884448,0
-3.81573130003,-38.490495,-1
-3.76651605003,-38.5518902,28
-3.75531900003,-38.57754,0
-3.81816514631,-38.5967713039,11
-3.75531630003,-38.5775383,0
-3.82807015003,-38.5615447,4
-3.81572445003,-38.490455,-1
-3.73449015003,-38.4968811,7
-3.80304918277,-38.5907803937,29
-3.73341435003,-38.4962199,7
-3.75588430003,-38.5884941,0
-3.75850902907,-38.5567867158,3
-3.75597839652,-38.593992554,0
-3.73499930003,-38.497211,7
-3.78275605003,-38.5546851,-1
-3.75655626398,-38.5823070482,0
-3.80304727853,-38.5907860119,29
-3.82411130003,-38.4670133,17
-3.70907124504,-38.5951959478,8
-3.81078530003,-38.5394784,19
-3.72168940003,-38.5168267,-1
-3.80304687514,-38.5907882176,29
-3.83915310003,-38.5630666,4
-3.80304548987,-38.5907897108,29
-3.82425130003,-38.4670983,17
-3.73450345003,-38.496877,7
-3.70975903554,-38.5890731815,-1
-3.72880863163,-38.5972310083,14
-3.75510635003,-38.5928416,0
-3.74184056987,-38.5936903538,13
-3.72436715003,-38.5068376,-1
-3.82421895003,-38.4670483,17
-3.82804540003,-38.5612501,4
-3.78382445003,-38.564061,10
-3.72422045003,-38.5069068,-1
-3.82419130003,-38.4670599,17
-3.77366740003,-38.580027,0
-3.72886094224,-38.5973319898,14
-3.73261630003,-38.5463766,16
-3.75510840003,-38.5928316,0
-3.72886905918,-38.5973095437,14
-3.73546315003,-38.5862959,-1
-3.72445825003,-38.5068528,-1
-3.76296430003,-38.589407,0
-3.75539315003,-38.5773983,0
-3.75324308174,-38.5489586564,2
-3.80789035003,-38.5159368,-1
-3.72324695472,-38.5966905937,-1
-3.75324271564,-38.5489592537,2
-3.78789930072,-38.5058716588,1
-3.81072608605,-38.539483269,19
-3.75535130003,-38.5774333,0
-3.81816156043,-38.5967702068,11
-3.71687415446,-38.5953892343,8
-3.7532443724,-38.5489590842,2
-3.79531120003,-38.5064824,1
-3.80924005003,-38.5723232,18
-3.72880518193,-38.5973449399,14
-3.75527315003,-38.5775549,0
-3.79355315003,-38.49058,12
-3.75324458668,-38.5489592501,2
-3.80095315003,-38.4970949,12
-3.75327641787,-38.5489779191,2
-3.73656820003,-38.4964222,7
-3.7532734767,-38.5489737458,2
-3.78793720003,-38.6532446,-1
-3.80177815003,-38.49607,12
-3.83735100003,-38.5802605,-1
-3.82061045003,-38.557597,23
-3.80113630003,-38.49556,12
-3.79047504971,-38.4751723964,9
-3.80751905003,-38.6045207,-1
-3.81078640003,-38.53948,19
-3.75525087144,-38.5775691203,0
-3.75327322998,-38.5489710561,2
-3.7635112485,-38.5808712901,0
-3.74092295003,-38.515875,-1
-3.75327227201,-38.5489706041,2
-3.81078640003,-38.53947995,19
-3.80924005003,-38.5723232,18
-3.79097240003,-38.4777944,9
-3.82093105003,-38.5574566,23
-3.75327100716,-38.5489697567,2
-3.75534167326,-38.5775742081,0
-3.77036525003,-38.5706154,0
-3.80654321692,-38.4956091971,12
-3.82270925003,-38.5585209,23
-3.79585815003,-38.4937983,12
-3.7531933004,-38.5489989802,2
-3.73969630003,-38.5048866,-1
-3.77967325003,-38.5833308,0
-3.75873803372,-38.5834566688,0
-3.82420210003,-38.5509628,-1
-3.76353341711,-38.5808167123,0
-3.75540076185,-38.5775090412,0
-3.75532576185,-38.5775608589,0
-3.77805820003,-38.5619972,10
-3.82045225003,-38.6016705,-1
-3.75539630003,-38.5774783,0
-3.81812705003,-38.5967348,11
-3.78008315003,-38.5634016,10
-3.78009315003,-38.5634116,10
-3.76527130003,-38.5769249,0
-3.81821130003,-38.5967994,11
-3.74246831085,-38.5901414633,13
-3.76341155825,-38.5809530846,0
-3.76341155825,-38.5809530846,0
-3.7587545052,-38.5834449362,0
-3.75875508358,-38.5834448036,0
-3.75875508358,-38.5834448036,0
-3.77379740003,-38.5800956,0
-3.77906445003,-38.5831112,0
-3.79513225003,-38.5505693,-1
-3.72233925003,-38.5972816,-1
-3.75539524572,-38.5775340685,0
-3.75661535003,-38.5798209,0
-3.74831400003,-38.5526883,-1
-3.75553130003,-38.5776133,0
-3.79471605003,-38.5679207,-1
-3.77814540003,-38.576889,0
-3.74867720003,-38.5222755,-1
-3.75525130003,-38.577535,0
-3.75534264994,-38.5775372621,0
-3.79473340003,-38.5679501,-1
